Y2,measurement_time,Y1,X2,X1,Z1,Z2
0.694909,6902459581927501824,0.69572,0.69517,0.697054,0.696688,0.699356
0.694649,6902459583215991808,0.694619,0.694259,0.695925,0.695659,0.697376
0.694002,6902459584629036032,0.693931,0.694093,0.696038,0.695402,0.699026
0.695945,6902459585788677120,0.697371,0.69575,0.697732,0.697374,0.699356
0.694649,6902459587077167104,0.694481,0.694341,0.695925,0.695916,0.698366
0.696852,6902459588365657088,0.697096,0.695667,0.697619,0.697545,0.698366
0.6975,6902459589658442752,0.697784,0.696661,0.697845,0.698575,0.698036
0.698795,6902459590942638080,0.698472,0.697324,0.699199,0.699175,0.699686
0.70009,6902459592231128064,0.700537,0.700224,0.700329,0.701061,0.700676
0.700479,6902459593519618048,0.70095,0.69981,0.70078,0.701319,0.701667
0.696463,6902459594808108032,0.695582,0.696164,0.697732,0.697631,0.699356
0.693743,6902459596096598016,0.694756,0.693264,0.694796,0.695059,0.696386
0.697629,6902459597389383680,0.697647,0.696993,0.698296,0.698489,0.698366
0.699443,6902459598819607552,0.698885,0.69807,0.698974,0.699689,0.699026
0.698277,6902459600052262912,0.698748,0.698236,0.699425,0.699689,0.701006
0.699831,6902459601250558976,0.700124,0.700058,0.700216,0.701061,0.701337
0.695815,6902459602539048960,0.695995,0.696164,0.697732,0.697117,0.699026
0.694649,6902459603827539968,0.694068,0.693844,0.695022,0.694887,0.695726
0.698665,6902459605116029952,0.699298,0.698236,0.698635,0.699346,0.700016
0.70009,6902459606404519936,0.700124,0.698733,0.699199,0.700118,0.699356
0.696463,6902459607693009920,0.697784,0.696827,0.697732,0.69806,0.698366
0.70035,6902459608981499904,0.700124,0.699147,0.69999,0.700032,0.700016
0.697888,6902459610274285568,0.69806,0.697656,0.698409,0.698832,0.699356
0.70009,6902459611558480896,0.699161,0.69923,0.699312,0.699604,0.699026
0.699831,6902459612877035520,0.699574,0.698981,0.699764,0.700204,0.699356
0.696852,6902459614135460864,0.697509,0.696744,0.697054,0.697803,0.697376
0.696981,6902459615423950848,0.697096,0.696744,0.697393,0.69746,0.697376
0.699184,6902459616712441856,0.699574,0.699313,0.699764,0.70029,0.698696
0.705013,6902459618000931840,0.704666,0.704201,0.704732,0.70492,0.704307
0.687395,6902459619285127168,0.687049,0.687879,0.689602,0.688627,0.689125
0.699702,6902459620577911808,0.699161,0.700058,0.701458,0.700718,0.701337
0.702811,6902459621862107136,0.702739,0.702627,0.703603,0.703034,0.703647
0.703588,6902459623150597120,0.703152,0.702378,0.702813,0.703205,0.702327
0.699313,6902459624443382784,0.699436,0.69865,0.699538,0.699604,0.699356
0.698277,6902459625727578112,0.697784,0.697987,0.698748,0.698832,0.698366
0.6975,6902459627136326656,0.698197,0.697821,0.699087,0.698403,0.698696
0.695038,6902459628308852736,0.695169,0.695419,0.696264,0.69583,0.696386
0.69439,6902459629597343744,0.694619,0.694756,0.695699,0.69523,0.695396
0.695427,6902459630881539072,0.696546,0.696827,0.697506,0.697031,0.698366
0.698925,6902459632182914048,0.698748,0.69865,0.699199,0.699604,0.700346
0.696334,6902459633467109376,0.69627,0.696164,0.696828,0.696602,0.697046
0.699702,6902459634755599360,0.700399,0.700141,0.700893,0.700375,0.702327
0.699702,6902459636044089344,0.699849,0.699479,0.700216,0.700375,0.701006
0.701127,6902459637336873984,0.702189,0.701136,0.702361,0.702348,0.702987
0.699961,6902459638621069312,0.699298,0.699893,0.700442,0.700204,0.701997
0.701775,6902459639909560320,0.7015,0.70097,0.701797,0.701404,0.702327
0.700997,6902459641236704256,0.701088,0.70097,0.701458,0.701061,0.701997
0.699831,6902459642486540288,0.699574,0.699727,0.700103,0.699775,0.701006
0.700609,6902459643779324928,0.700124,0.700058,0.700442,0.700032,0.701006
0.699443,6902459645063520256,0.699849,0.699561,0.69999,0.700032,0.701337
0.701127,6902459646356305920,0.701088,0.701384,0.701797,0.701404,0.702327
0.698147,6902459647644795904,0.69861,0.697656,0.697957,0.698403,0.698696
0.700868,6902459648928991232,0.701225,0.700141,0.701006,0.701319,0.701337
0.701256,6902459650217481216,0.701363,0.701301,0.701232,0.701662,0.701337
0.70009,6902459651510266880,0.700537,0.699313,0.699764,0.700204,0.700676
0.704495,6902459652798756864,0.704941,0.704118,0.704506,0.704749,0.703647
0.707216,6902459654087246848,0.707006,0.706024,0.706426,0.706807,0.704967
0.703718,6902459655380032512,0.703978,0.704118,0.703716,0.704492,0.703317
0.702293,6902459656659932160,0.702601,0.702544,0.703039,0.70312,0.703317
0.698147,6902459657948422144,0.69861,0.69807,0.698974,0.699604,0.698696
0.700868,6902459659236913152,0.700124,0.701053,0.701345,0.701833,0.701006
0.696852,6902459660525403136,0.697371,0.697821,0.69807,0.69866,0.698696
0.699443,6902459661813893120,0.699023,0.698898,0.699538,0.700118,0.700676
0.699443,6902459663171102720,0.698748,0.699893,0.700442,0.700718,0.701667
0.701386,6902459664558376960,0.7015,0.701384,0.701458,0.702519,0.701337
0.704754,6902459665679364096,0.704115,0.704201,0.704281,0.70492,0.703647
0.700738,6902459666967854080,0.699986,0.700887,0.701684,0.701662,0.702657
0.700868,6902459668260638720,0.700675,0.701633,0.702248,0.702691,0.703317
0.700738,6902459669549128704,0.70095,0.701384,0.701909,0.702005,0.701997
0.702034,6902459670837619712,0.701225,0.701633,0.702587,0.702519,0.702657
0.703847,6902459672121815040,0.703014,0.703704,0.703603,0.704406,0.702657
0.7032,6902459673410305024,0.702877,0.702378,0.702587,0.703377,0.701337
0.702422,6902459674698795008,0.702739,0.702627,0.7027,0.703463,0.701997
0.700738,6902459675991579648,0.699849,0.700804,0.701458,0.701747,0.700676
0.700609,6902459677275774976,0.699574,0.70039,0.701232,0.701319,0.701006
0.702552,6902459678624395264,0.702326,0.702876,0.703039,0.70372,0.701667
0.703847,6902459679852755968,0.703427,0.704616,0.704394,0.705006,0.701997
0.702811,6902459681141245952,0.702051,0.702544,0.703264,0.703377,0.701006
0.705013,6902459682545699840,0.703703,0.704118,0.703829,0.704835,0.700346
0.70605,6902459683722521600,0.704528,0.705195,0.705184,0.705778,0.701667
0.703329,6902459685006716928,0.702601,0.703538,0.703829,0.704234,0.701997
0.703329,6902459686295206912,0.700675,0.702793,0.703716,0.703548,0.701667
0.705402,6902459687587991552,0.702877,0.704698,0.704732,0.705606,0.701997
0.707475,6902459688876481536,0.705354,0.707018,0.706313,0.706978,0.703647
0.707216,6902459690160676864,0.705354,0.708013,0.707668,0.707922,0.705297
0.706956,6902459691470642176,0.704115,0.705775,0.705071,0.705435,0.701997
0.707216,6902459692814966784,0.704115,0.705941,0.705184,0.705949,0.701997
0.707216,6902459694026147840,0.704666,0.706604,0.704732,0.705864,0.701667
0.70877,6902459695318932480,0.70618,0.70735,0.705636,0.706978,0.702987
0.701904,6902459696603127808,0.698885,0.699976,0.699087,0.699604,0.696056
0.694909,6902459697891618816,0.692141,0.694341,0.693215,0.693858,0.689785
0.69439,6902459699184403456,0.692692,0.695087,0.694231,0.694458,0.692095
0.704365,6902459700472893440,0.702326,0.703124,0.702248,0.702433,0.699686
0.7089,6902459701761383424,0.706593,0.707433,0.706087,0.70715,0.702987
0.70877,6902459703049874432,0.706455,0.707598,0.706765,0.706978,0.703317
0.704884,6902459704334069760,0.703565,0.704781,0.703942,0.704149,0.701667
0.702163,6902459705626854400,0.700262,0.701716,0.701345,0.70089,0.699026
0.70307,6902459706966884352,0.701638,0.702876,0.702474,0.702605,0.700346
0.697759,6902459708203834368,0.696546,0.69807,0.697957,0.69746,0.695066
0.701645,6902459709488029696,0.700537,0.702296,0.701232,0.701404,0.698366
0.701386,6902459710780815360,0.700124,0.700473,0.700893,0.700547,0.697706
0.701256,6902459712065010688,0.699986,0.701136,0.700554,0.70089,0.697706
0.706568,6902459713353500672,0.705217,0.705941,0.705636,0.705006,0.701997
0.707086,6902459714641990656,0.705217,0.706438,0.706313,0.706121,0.703647
0.705402,6902459715934776320,0.703703,0.704284,0.703716,0.703634,0.700676
0.705013,6902459717218971648,0.703565,0.703538,0.702587,0.703034,0.700676
0.705661,6902459718507461632,0.704253,0.704864,0.703151,0.703977,0.702657
0.704365,6902459719795951616,0.70384,0.703456,0.702022,0.702262,0.701006
0.703329,6902459721084441600,0.702051,0.702627,0.701006,0.701919,0.699686
0.70605,6902459722372931584,0.705905,0.705775,0.704732,0.705092,0.703647
0.707216,6902459723661422592,0.706318,0.706024,0.705297,0.705435,0.703647
0.707216,6902459724949912576,0.707143,0.707101,0.706313,0.706207,0.705627
0.70877,6902459726238402560,0.708382,0.707847,0.707216,0.706893,0.705627
0.705402,6902459727591317504,0.704804,0.704201,0.703377,0.70372,0.702327
0.704236,6902459728819678208,0.704391,0.704533,0.702813,0.703205,0.702987
0.705531,6902459730284261376,0.704391,0.704698,0.703716,0.703377,0.701997
0.705661,6902459731392363520,0.705492,0.70503,0.703942,0.704234,0.703647
0.705791,6902459732680853504,0.704941,0.70561,0.704168,0.704577,0.703317
0.702293,6902459733969343488,0.701776,0.702876,0.701006,0.701404,0.700676
0.701645,6902459735262129152,0.701363,0.702461,0.701571,0.701233,0.701997
0.702293,6902459736550619136,0.70095,0.702378,0.701797,0.701061,0.700346
0.705531,6902459737834814464,0.705492,0.705278,0.703716,0.704063,0.702657
0.709677,6902459739123304448,0.709896,0.709007,0.707329,0.70775,0.704967
0.706956,6902459740416089088,0.705905,0.705775,0.704394,0.704492,0.702327
0.703977,6902459741700284416,0.703152,0.702793,0.701797,0.701833,0.700676
0.706179,6902459742993070080,0.705492,0.705858,0.704619,0.704663,0.702987
0.7089,6902459744388934656,0.708795,0.708758,0.707442,0.707407,0.706287
0.706179,6902459745565755392,0.705079,0.704947,0.703716,0.703205,0.702327
0.703847,6902459746849950720,0.702739,0.702793,0.702135,0.701662,0.701006
0.7032,6902459748142735360,0.702877,0.703456,0.701909,0.701576,0.699686
0.70294,6902459749426930688,0.702601,0.703621,0.702926,0.701662,0.702327
0.704106,6902459750719716352,0.703427,0.704533,0.702813,0.702776,0.701667
0.702034,6902459752008206336,0.701913,0.70213,0.701458,0.701147,0.700016
0.700997,6902459753292401664,0.701088,0.701798,0.700667,0.70029,0.698036
0.701904,6902459754585186304,0.701638,0.701964,0.701119,0.700118,0.699356
0.702034,6902459755869381632,0.701225,0.701716,0.700667,0.700375,0.698366
0.70294,6902459757157871616,0.702877,0.702958,0.702135,0.701747,0.700016
0.704884,6902459758485016576,0.704804,0.705693,0.704168,0.703977,0.702657
0.701127,6902459759739147264,0.700675,0.70213,0.701345,0.700461,0.699356
0.700738,6902459761027637248,0.700537,0.70155,0.700103,0.699775,0.699026
0.704106,6902459762311832576,0.703427,0.704367,0.703377,0.70312,0.701337
0.705272,6902459763604618240,0.703978,0.704367,0.703264,0.702948,0.701667
0.704884,6902459764996187136,0.704804,0.705527,0.704281,0.704234,0.702657
0.704365,6902459766190188544,0.704391,0.70561,0.703942,0.704149,0.703647
0.7032,6902459767474383872,0.702601,0.703621,0.702248,0.702005,0.701337
0.703847,6902459768767168512,0.704666,0.704036,0.702926,0.702776,0.703317
0.699702,6902459770055658496,0.699298,0.700058,0.698522,0.69866,0.698366
0.699961,6902459771344149504,0.699298,0.699976,0.699312,0.69866,0.699026
0.696852,6902459772727128064,0.697509,0.698236,0.696828,0.696602,0.697706
0.700479,6902459773921129472,0.701363,0.702047,0.701006,0.700718,0.701997
0.703718,6902459775205324800,0.702326,0.70387,0.702926,0.702433,0.702657
0.704236,6902459776493814784,0.70384,0.704533,0.704055,0.703548,0.702987
0.702811,6902459777786600448,0.702877,0.70387,0.702926,0.702862,0.702657
0.703329,6902459779070794752,0.703565,0.703953,0.7027,0.703034,0.701667
0.701515,6902459780363580416,0.701225,0.701633,0.700893,0.700375,0.700346
0.70009,6902459781652070400,0.699298,0.700473,0.699764,0.699604,0.698696
0.700738,6902459782936265728,0.700675,0.70097,0.698974,0.699775,0.697376
0.699313,6902459784229051392,0.699574,0.700058,0.698635,0.699261,0.698696
0.70022,6902459785513245696,0.699986,0.700307,0.699425,0.699518,0.699026
0.699572,6902459786857571328,0.699711,0.699396,0.697957,0.698489,0.698036
0.700997,6902459788094521344,0.699986,0.700556,0.698974,0.699604,0.698366
0.697888,6902459789378716672,0.698335,0.698236,0.69807,0.697888,0.696716
0.698147,6902459790671502336,0.69806,0.69923,0.698522,0.698575,0.696716
0.700868,6902459792050186240,0.699849,0.700638,0.699538,0.699861,0.699686
0.698665,6902459793248482304,0.698748,0.698733,0.697732,0.697888,0.698366
0.700609,6902459794532677632,0.699986,0.700473,0.699764,0.700204,0.698036
0.704236,6902459795825462272,0.703152,0.703456,0.702135,0.702948,0.700346
0.7032,6902459797113953280,0.702877,0.702378,0.701345,0.701833,0.700676
0.700868,6902459798398147584,0.700399,0.700307,0.699312,0.699775,0.698696
0.70035,6902459799690933248,0.700537,0.700556,0.69999,0.700461,0.700016
0.698665,6902459800979423232,0.699711,0.699561,0.698522,0.698832,0.699026
0.699184,6902459802267913216,0.699161,0.699727,0.698861,0.698918,0.699026
0.699702,6902459803556404224,0.699711,0.70097,0.700442,0.700461,0.699686
0.699572,6902459804844894208,0.699849,0.700141,0.700103,0.699861,0.699686
0.700479,6902459806129089536,0.70095,0.701136,0.700893,0.701147,0.699686
0.70035,6902459807417579520,0.700812,0.70155,0.701345,0.701319,0.701667
0.698795,6902459808710364160,0.69861,0.699396,0.699087,0.699003,0.699026
0.698665,6902459810028919808,0.699436,0.699561,0.698635,0.699003,0.699026
0.699184,6902459811287345152,0.69861,0.699561,0.698974,0.699175,0.698696
0.698536,6902459812575835136,0.697784,0.699727,0.698974,0.69866,0.697706
0.697629,6902459813864325120,0.697647,0.696993,0.696377,0.696859,0.695066
0.697111,6902459815148520448,0.697371,0.697656,0.69728,0.697631,0.696056
0.6975,6902459816441306112,0.697509,0.697656,0.697054,0.697374,0.696386
0.697888,6902459817725500416,0.697371,0.698401,0.697054,0.697117,0.696056
0.698665,6902459819018286080,0.697784,0.698153,0.697506,0.697803,0.696386
0.697111,6902459820302481408,0.697509,0.698567,0.697619,0.697631,0.697046
0.697111,6902459821595266048,0.697234,0.697987,0.696602,0.696859,0.695396
0.696593,6902459822883757056,0.697096,0.69749,0.695925,0.696516,0.695066
0.696593,6902459824240966656,0.696821,0.697324,0.696941,0.696688,0.695726
0.695686,6902459825465031680,0.696408,0.696661,0.695247,0.695487,0.696056
0.696334,6902459826744932352,0.696958,0.697159,0.695699,0.695916,0.695396
0.695945,6902459828033422336,0.697647,0.697573,0.696602,0.696859,0.698036
0.696463,6902459829326208000,0.697234,0.697573,0.696377,0.696688,0.698366
0.696463,6902459830610402304,0.697234,0.69749,0.695925,0.696431,0.697706
0.695297,6902459831898893312,0.697647,0.696827,0.695699,0.695916,0.698696
0.696204,6902459833187383296,0.697509,0.697241,0.696602,0.696516,0.699026
0.695168,6902459834475873280,0.697509,0.695667,0.69457,0.694973,0.697376
0.692706,6902459835768658944,0.694619,0.694424,0.694005,0.693258,0.696386
0.694131,6902459837052853248,0.695857,0.695004,0.695812,0.694287,0.697376
0.693095,6902459838397178880,0.695582,0.694507,0.694796,0.693687,0.697046
0.692577,6902459839629834240,0.694619,0.693844,0.695247,0.693258,0.698036
0.696204,6902459840918324224,0.699023,0.697573,0.698748,0.697202,0.701997
0.692836,6902459842211109888,0.695169,0.694673,0.695247,0.693858,0.697376
0.694002,6902459843499599872,0.697371,0.695419,0.696828,0.695745,0.698696
0.694131,6902459844788089856,0.697784,0.696496,0.697506,0.696516,0.699026
0.69452,6902459846076579840,0.697234,0.696496,0.697845,0.696602,0.700016
0.69439,6902459847365069824,0.697509,0.69633,0.696941,0.696345,0.700346
0.693224,6902459848653560832,0.695995,0.694673,0.695473,0.694801,0.698696
0.694131,6902459849942050816,0.696546,0.695667,0.697054,0.695916,0.699026
0.694131,6902459851226246144,0.696408,0.695004,0.696264,0.695573,0.699356
0.695945,6902459852587750400,0.697509,0.695916,0.696828,0.696602,0.698696
0.694131,6902459853803226112,0.69627,0.694921,0.696715,0.695745,0.698696
0.694649,6902459855096011776,0.697096,0.695999,0.697054,0.696859,0.700676
0.694909,6902459856474695680,0.696133,0.695501,0.696715,0.696345,0.698366
0.694649,6902459857672991744,0.696958,0.69517,0.696715,0.696259,0.699026
0.69154,6902459858961481728,0.693105,0.692436,0.69457,0.693344,0.698036
0.694779,6902459860249971712,0.695995,0.695087,0.696715,0.69583,0.699686
0.695427,6902459861534167040,0.697234,0.696413,0.697167,0.697374,0.700676
0.693872,6902459862826952704,0.695445,0.693844,0.695473,0.694973,0.698696
0.695038,6902459864115442688,0.695582,0.69401,0.69536,0.695402,0.696386
0.692836,6902459865403932672,0.694481,0.692933,0.694344,0.694115,0.696056
0.694649,6902459866705307648,0.696133,0.69459,0.695925,0.696002,0.698036
0.6975,6902459867976617984,0.697234,0.696247,0.698183,0.69746,0.699356
0.696852,6902459869269403648,0.697922,0.696744,0.698409,0.697888,0.699686
0.698665,6902459870553598976,0.699161,0.69807,0.699651,0.699175,0.701667
0.69452,6902459871842088960,0.695582,0.694093,0.696377,0.695316,0.698696
0.693224,6902459873134873600,0.693931,0.692436,0.694457,0.694458,0.697706
0.693224,6902459874419068928,0.69338,0.693264,0.694683,0.694287,0.697706
0.695297,6902459875741919232,0.697234,0.69517,0.696941,0.696688,0.699686
0.69452,6902459877000344576,0.695995,0.694839,0.696715,0.696345,0.700346
0.695686,6902459878288834560,0.69627,0.69517,0.697054,0.696688,0.698696
0.696593,6902459879573029888,0.696683,0.695999,0.696941,0.69746,0.699686
0.695556,6902459880861519872,0.695857,0.695833,0.69807,0.69746,0.701337
0.696074,6902459882150009856,0.697234,0.69749,0.699538,0.698489,0.702987
0.700738,6902459883434205184,0.700812,0.699976,0.701119,0.701319,0.703317
0.699702,6902459884722696192,0.700537,0.699893,0.701797,0.701233,0.703647
0.694261,6902459886015480832,0.694894,0.694259,0.696264,0.696173,0.698036
0.695815,6902459887299676160,0.695857,0.696081,0.697506,0.697117,0.698366
0.695556,6902459888588166144,0.695995,0.695087,0.696038,0.696345,0.697376
0.695815,6902459889988325376,0.696821,0.695667,0.696941,0.697545,0.698366
0.696463,6902459891165147136,0.696958,0.696247,0.697732,0.697974,0.698036
0.696981,6902459892453637120,0.698197,0.696993,0.698296,0.698575,0.699356
0.695038,6902459893746421760,0.69572,0.694673,0.696264,0.696259,0.697376
0.693743,6902459895034911744,0.693931,0.693347,0.694683,0.694801,0.695066
0.694779,6902459896319107072,0.694894,0.693347,0.69457,0.695402,0.695726
0.695815,6902459897611892736,0.696408,0.69517,0.696715,0.697202,0.698366
0.696074,6902459898900382720,0.695995,0.695584,0.696941,0.696859,0.698036
0.698277,6902459900193168384,0.698197,0.697324,0.698409,0.699003,0.700346
0.6975,6902459901477362688,0.697784,0.697159,0.698522,0.69866,0.700346
0.696981,6902459902770148352,0.696546,0.696496,0.697619,0.697717,0.699026
0.696334,6902459904101587968,0.695857,0.696164,0.698183,0.697545,0.698366
0.696722,6902459905347128320,0.697784,0.696993,0.697957,0.69806,0.699356
0.696852,6902459906631323648,0.697784,0.696827,0.698296,0.698146,0.700016
0.6975,6902459907928403968,0.697922,0.69691,0.697957,0.698489,0.699356
0.698925,6902459909212599296,0.697647,0.697324,0.698183,0.698489,0.698696
0.698406,6902459910496794624,0.697509,0.69691,0.697957,0.698489,0.698366
0.6975,6902459911785284608,0.697922,0.696827,0.697619,0.698317,0.699026
0.698406,6902459913078070272,0.698885,0.697821,0.698409,0.698746,0.699686
0.6975,6902459914362264576,0.697371,0.696661,0.696828,0.69746,0.698036
0.698536,6902459915655050240,0.698748,0.698816,0.699087,0.699775,0.699686
0.698277,6902459916943540224,0.697922,0.69749,0.698748,0.698832,0.699686
0.697111,6902459918343699456,0.696821,0.695667,0.696602,0.697202,0.696716
0.693743,6902459919520521216,0.694343,0.694507,0.695473,0.695402,0.696386
0.697111,6902459920899205120,0.697509,0.69691,0.69807,0.698317,0.700016
0.699443,6902459922097501184,0.699574,0.698319,0.700216,0.699947,0.702987
0.70035,6902459923381696512,0.700537,0.699727,0.700329,0.700718,0.702327
0.698018,6902459924674481152,0.698748,0.697821,0.698861,0.698832,0.700346
0.694649,6902459925958676480,0.694068,0.694176,0.695247,0.69523,0.696056
0.698018,6902459927247166464,0.697096,0.696661,0.697732,0.698317,0.698366
0.698406,6902459928535657472,0.698197,0.697573,0.698409,0.69866,0.699686
0.701775,6902459929828442112,0.701776,0.701467,0.702361,0.702605,0.702657
0.698147,6902459931112637440,0.698197,0.697573,0.698409,0.698832,0.699686
0.697759,6902459932456962048,0.696821,0.696661,0.697957,0.697888,0.698366
0.69737,6902459933689617408,0.697922,0.697407,0.69807,0.698489,0.698696
0.697111,6902459934978108416,0.696408,0.696413,0.697393,0.697545,0.698036
0.702552,6902459936270893056,0.702326,0.701633,0.703039,0.702862,0.703647
0.703977,6902459937555088384,0.702601,0.701964,0.7027,0.70312,0.702987
0.701904,6902459938847874048,0.702051,0.700556,0.701232,0.701747,0.701337
0.698665,6902459940132068352,0.699436,0.698319,0.699199,0.699689,0.700016
0.699443,6902459941424854016,0.699298,0.69807,0.698861,0.699432,0.700016
0.70009,6902459942713344000,0.699986,0.698733,0.700103,0.700461,0.700346
0.698147,6902459943997539328,0.697509,0.697241,0.69807,0.698575,0.699026
0.6975,6902459945286029312,0.697509,0.697159,0.698183,0.698403,0.699026
0.696463,6902459946583109632,0.696408,0.695584,0.69649,0.696859,0.696056
0.696722,6902459947871599616,0.697234,0.697159,0.697167,0.697631,0.697376
0.699961,6902459949151500288,0.700399,0.699727,0.700329,0.700204,0.701337
0.698147,6902459950444284928,0.698197,0.698319,0.699312,0.698918,0.699686
0.706309,6902459951728480256,0.705905,0.704616,0.704732,0.705263,0.704967
0.698406,6902459953016970240,0.698885,0.698401,0.698522,0.699003,0.699686
0.69452,6902459954309755904,0.696133,0.69517,0.694909,0.695487,0.697046
0.704365,6902459955748570112,0.704941,0.703953,0.704055,0.704749,0.704967
0.702422,6902459956882441216,0.702051,0.702461,0.702926,0.703034,0.703647
0.704365,6902459958175226880,0.704528,0.70445,0.704845,0.705178,0.705297
0.701515,6902459959463716864,0.702051,0.701798,0.701571,0.702433,0.701667
0.702163,6902459960756501504,0.701913,0.701716,0.702361,0.702348,0.702327
0.70035,6902459962036402176,0.700262,0.700307,0.701119,0.701061,0.701006
0.701386,6902459963329186816,0.701638,0.701384,0.702587,0.702433,0.702327
0.699313,6902459964617677824,0.699436,0.699893,0.700667,0.700547,0.701006
0.701127,6902459965910462464,0.701913,0.701798,0.702587,0.702691,0.702987
0.700479,6902459967194657792,0.700399,0.700473,0.701458,0.701576,0.702327
0.702552,6902459968478853120,0.702051,0.702793,0.703603,0.703377,0.704307
0.701386,6902459969870422016,0.701638,0.701467,0.701684,0.702176,0.701997
0.70294,6902459971055833088,0.702464,0.702627,0.703264,0.703634,0.702657
0.702293,6902459972344323072,0.701776,0.702296,0.702813,0.702776,0.702327
0.700738,6902459973637108736,0.699986,0.701633,0.702135,0.701919,0.702657
0.701386,6902459974925598720,0.700675,0.701467,0.701909,0.70209,0.701006
0.702552,6902459976214088704,0.701225,0.702296,0.7027,0.703548,0.701337
0.703329,6902459977498284032,0.703152,0.703621,0.703942,0.704492,0.702657
0.702293,6902459978786774016,0.701225,0.702213,0.701684,0.703034,0.700676
0.702293,6902459980079559680,0.701638,0.702461,0.702022,0.703548,0.700346
0.705402,6902459981368049664,0.70384,0.704201,0.704055,0.705521,0.702327
0.704236,6902459982652244992,0.702739,0.704616,0.704281,0.705435,0.703647
0.7089,6902459983992274944,0.708382,0.70851,0.707442,0.709465,0.705957
0.700997,6902459985319419904,0.699298,0.701053,0.699651,0.701404,0.697376
0.704365,6902459986517715968,0.701776,0.703538,0.702248,0.704149,0.700676
0.700479,6902459987806205952,0.69806,0.700887,0.699312,0.700718,0.697046
0.702163,6902459989098990592,0.700537,0.702461,0.701345,0.703034,0.699356
0.706438,6902459990383185920,0.704253,0.70561,0.703829,0.706378,0.702327
0.706179,6902459991671675904,0.705079,0.705858,0.703716,0.705949,0.702327
0.70592,6902459992960166912,0.70329,0.704947,0.703264,0.704663,0.701667
0.704754,6902459994252951552,0.702051,0.702461,0.700442,0.702519,0.698366
0.703718,6902459995537146880,0.700537,0.701881,0.70078,0.701919,0.700016
0.704495,6902459996829932544,0.701225,0.703041,0.701909,0.702862,0.699686
0.7089,6902459998208616448,0.706868,0.708013,0.705636,0.707493,0.704637
0.703459,6902459999406912512,0.700675,0.70271,0.700554,0.701919,0.699356
0.703588,6902460000691107840,0.701776,0.702793,0.701006,0.702348,0.700016
0.705402,6902460001983892480,0.702739,0.704118,0.702474,0.703634,0.700346
0.70592,6902460003341102080,0.704391,0.705278,0.70349,0.705178,0.701997
0.709029,6902460004560873472,0.706731,0.708095,0.70541,0.707407,0.705297
0.707734,6902460005849363456,0.705079,0.706935,0.704506,0.706207,0.704307
0.706697,6902460007137853440,0.704666,0.705444,0.702926,0.704492,0.701997
0.707086,6902460008422048768,0.705079,0.70677,0.704281,0.705692,0.703647
0.704495,6902460009714834432,0.704253,0.704367,0.702022,0.703463,0.701006
0.703459,6902460011003324416,0.701776,0.70329,0.701909,0.702262,0.700676
0.701515,6902460012334764032,0.699986,0.701136,0.699425,0.700118,0.698036
0.702422,6902460013580304384,0.701088,0.702213,0.700893,0.701662,0.698696
0.702552,6902460014864499712,0.701088,0.702047,0.700893,0.701576,0.700016
0.705661,6902460016152989696,0.703978,0.705278,0.703377,0.704406,0.701667
0.703718,6902460017441479680,0.70329,0.703621,0.702361,0.702948,0.701997
0.70022,6902460018725675008,0.699574,0.700058,0.699087,0.699346,0.699026
0.699831,6902460020018460672,0.699986,0.700473,0.698748,0.699518,0.698036
0.704754,6902460021311245312,0.703427,0.704284,0.7027,0.703377,0.702327
0.702811,6902460022595440640,0.7015,0.702793,0.701006,0.701833,0.700346
0.701904,6902460023879635968,0.701638,0.702461,0.700893,0.701233,0.699686
0.705402,6902460025168125952,0.703978,0.704616,0.703377,0.703977,0.701997
0.704106,6902460026460911616,0.70384,0.70445,0.702361,0.70372,0.702327
0.704884,6902460027745106944,0.705217,0.705444,0.704281,0.704663,0.704307
0.702811,6902460029033596928,0.702877,0.703538,0.702135,0.702348,0.701337
0.6975,6902460030322086912,0.697371,0.698401,0.697393,0.697631,0.696386
0.702552,6902460031614872576,0.701638,0.702544,0.701797,0.701747,0.700016
0.702811,6902460032907657216,0.702739,0.703207,0.701797,0.702348,0.700346
0.70307,6902460034191852544,0.703152,0.703456,0.702587,0.702691,0.701667
0.705272,6902460035647846400,0.705217,0.705113,0.703829,0.704492,0.702657
0.704625,6902460036768832512,0.70329,0.704036,0.703151,0.702948,0.701337
0.703588,6902460038061618176,0.70329,0.703207,0.701909,0.702262,0.700016
0.703588,6902460039345813504,0.703703,0.702544,0.701345,0.701747,0.700346
0.702811,6902460040638598144,0.702326,0.702544,0.701232,0.701919,0.699026
0.7032,6902460041927089152,0.703427,0.703538,0.702022,0.702262,0.701337
0.704754,6902460043211283456,0.704391,0.704947,0.703829,0.70432,0.702987
0.703329,6902460044504069120,0.702326,0.703124,0.702361,0.701662,0.701667
0.701386,6902460045788264448,0.700399,0.701053,0.700216,0.699861,0.699686
0.702552,6902460047076754432,0.702739,0.703124,0.701684,0.701747,0.700346
0.705791,6902460048365244416,0.704528,0.704698,0.70349,0.70372,0.702657
0.705791,6902460049795468288,0.705079,0.705444,0.704281,0.704406,0.703317
0.702681,6902460050942225408,0.702464,0.703621,0.702474,0.702348,0.702657
0.704236,6902460052230715392,0.703978,0.705195,0.704055,0.70372,0.703647
0.70307,6902460053523500032,0.703014,0.703456,0.702135,0.702005,0.701667
0.707345,6902460054807695360,0.707143,0.707184,0.706426,0.706207,0.704637
0.705661,6902460056100481024,0.704941,0.705444,0.704281,0.704063,0.701667
0.703329,6902460057384676352,0.702464,0.703704,0.703264,0.702348,0.701337
0.699054,6902460058677460992,0.699298,0.699561,0.698522,0.698575,0.697046
0.700738,6902460059965950976,0.699849,0.700473,0.700103,0.699432,0.697706
0.699184,6902460061250146304,0.69861,0.700638,0.700442,0.699432,0.698366
0.70022,6902460062542931968,0.699436,0.700638,0.700103,0.699346,0.697706
0.700868,6902460063882961920,0.699986,0.699893,0.699312,0.699261,0.697046
0.701256,6902460065119911936,0.701225,0.70155,0.701119,0.700633,0.699356
0.700997,6902460066408401920,0.7015,0.701881,0.700667,0.700633,0.698696
0.702163,6902460067696892928,0.702051,0.702544,0.702022,0.701919,0.700016
0.704625,6902460068989677568,0.703565,0.704118,0.703829,0.703463,0.702327
0.705143,6902460070269578240,0.704253,0.704781,0.703942,0.704063,0.702327
0.701515,6902460071562362880,0.700537,0.701633,0.700893,0.700461,0.700016
0.702552,6902460072846558208,0.703565,0.702793,0.701684,0.702176,0.699686
0.7032,6902460074135048192,0.702464,0.703124,0.702135,0.702348,0.699686
0.704754,6902460075427833856,0.704666,0.704616,0.70349,0.704063,0.701667
0.70307,6902460076716323840,0.703152,0.703373,0.701909,0.702691,0.701667
0.701386,6902460078103598080,0.701088,0.701218,0.700442,0.700633,0.699026
0.702681,6902460079293303808,0.70329,0.702793,0.701345,0.701576,0.700016
0.706697,6902460080577499136,0.706593,0.706273,0.705184,0.705435,0.703647
0.703847,6902460081865989120,0.703565,0.704201,0.703151,0.703291,0.701667
0.704625,6902460083158774784,0.705354,0.704698,0.703716,0.704063,0.702987
0.702293,6902460084442970112,0.702326,0.702544,0.701797,0.701833,0.700676
0.699702,6902460085856014336,0.699574,0.700141,0.698974,0.699003,0.699026
0.698018,6902460087019950080,0.699161,0.699479,0.69807,0.698489,0.697376
0.699443,6902460088312735744,0.699574,0.69981,0.699087,0.699346,0.698036
0.70009,6902460089596931072,0.699574,0.699479,0.698748,0.698746,0.697376
0.700997,6902460090885421056,0.701363,0.701881,0.701232,0.701147,0.701006
0.701515,6902460092234040320,0.701913,0.702544,0.701684,0.701576,0.701337
0.702811,6902460093462401024,0.70329,0.702958,0.7027,0.702776,0.701667
0.700479,6902460094763776000,0.700262,0.701218,0.700667,0.700204,0.701337
0.696074,6902460096043676672,0.696133,0.696827,0.696151,0.69583,0.696386
0.701775,6902460097327872000,0.700537,0.701301,0.700667,0.700547,0.700016
0.703459,6902460098616361984,0.703703,0.703373,0.703264,0.703034,0.703647
0.701515,6902460099909147648,0.701638,0.701881,0.701684,0.701233,0.701997
0.699184,6902460101193341952,0.698472,0.699479,0.698974,0.69866,0.699356
0.70022,6902460102486127616,0.70095,0.700721,0.69999,0.70029,0.700016
0.701904,6902460103774617600,0.702051,0.702047,0.700893,0.701319,0.700346
0.701127,6902460105058812928,0.701638,0.701301,0.701232,0.70089,0.700676
0.699961,6902460106351598592,0.699986,0.700804,0.699877,0.699947,0.699026
0.698536,6902460107640088576,0.699298,0.69923,0.699087,0.698918,0.698696
0.70022,6902460108928578560,0.699161,0.699893,0.698974,0.699432,0.699026
0.699184,6902460110217068544,0.699023,0.699396,0.698522,0.69866,0.698366
0.699313,6902460111505558528,0.698885,0.699313,0.698296,0.698832,0.698036
0.699961,6902460112789753856,0.698472,0.699727,0.699312,0.699261,0.699686
0.696981,6902460114172733440,0.69572,0.696164,0.695812,0.695916,0.695066
0.701386,6902460115508468736,0.700262,0.70039,0.699764,0.699775,0.697376
0.699054,6902460116655224832,0.69806,0.69865,0.697732,0.697803,0.696716
0.696852,6902460117948009472,0.696133,0.696496,0.695925,0.696345,0.695396
0.699443,6902460119236500480,0.69806,0.69865,0.698409,0.698575,0.698366
0.699443,6902460120524990464,0.699298,0.698733,0.697506,0.69806,0.696716
0.698018,6902460121809185792,0.697509,0.698484,0.69807,0.697974,0.696716
0.698147,6902460123101970432,0.69806,0.697904,0.69728,0.697288,0.695726
0.698665,6902460124386165760,0.69861,0.698236,0.697845,0.697631,0.697376
0.697629,6902460125674655744,0.698472,0.697821,0.697054,0.697202,0.697376
0.698277,6902460126963145728,0.699161,0.69807,0.697506,0.697631,0.697706
0.697111,6902460128255931392,0.698197,0.69749,0.696602,0.696774,0.696716
0.6975,6902460129604550656,0.697509,0.697076,0.696715,0.696431,0.697376
0.698536,6902460130832911360,0.699436,0.698401,0.697619,0.697803,0.698696
0.698536,6902460132117106688,0.699711,0.699147,0.698635,0.698489,0.701006
0.698406,6902460133405596672,0.699849,0.698484,0.69807,0.697545,0.700016
0.692577,6902460134698382336,0.693931,0.692767,0.692537,0.692486,0.694736
0.694002,6902460135982577664,0.694343,0.69459,0.694344,0.693858,0.696386
0.69452,6902460137271067648,0.696546,0.695087,0.694683,0.694373,0.698036
0.695815,6902460138563853312,0.696683,0.695833,0.695473,0.695144,0.699026
0.692318,6902460139852343296,0.694894,0.693761,0.693667,0.692915,0.697376
0.695556,6902460141140833280,0.697096,0.696661,0.696715,0.696002,0.699686
0.696204,6902460142429323264,0.698472,0.696827,0.697393,0.696859,0.700346
0.693872,6902460143765058560,0.694894,0.694176,0.695022,0.693687,0.697046
0.696852,6902460145002008576,0.699298,0.697076,0.697167,0.696688,0.700016
0.704884,6902460146290498560,0.707832,0.705195,0.704845,0.705006,0.706947
0.695686,6902460147574693888,0.697784,0.695999,0.697054,0.696088,0.700016
0.689338,6902460148863184896,0.69049,0.690116,0.69107,0.689656,0.693415
0.696204,6902460150155969536,0.698885,0.697159,0.69728,0.696945,0.698036
0.691281,6902460151440164864,0.693793,0.692519,0.693554,0.692657,0.694736
0.696074,6902460152728654848,0.699161,0.697904,0.69807,0.698232,0.700346
0.693743,6902460154021440512,0.696133,0.695833,0.696941,0.695916,0.699026
0.698925,6902460155309930496,0.70095,0.699561,0.700103,0.699689,0.701997
0.699443,6902460156598420480,0.702326,0.700887,0.701232,0.701233,0.703317
0.701386,6902460157964220416,0.70329,0.701384,0.702022,0.701747,0.703977
0.699184,6902460159171105792,0.701913,0.699893,0.700442,0.699861,0.701337
0.683638,6902460160463891456,0.686498,0.68589,0.68723,0.685797,0.689125
0.694649,6902460161752381440,0.69627,0.695833,0.696602,0.696345,0.699026
0.675995,6902460163036576768,0.677139,0.677108,0.679101,0.677307,0.680544
0.696204,6902460164325066752,0.696958,0.695667,0.69649,0.696688,0.699686
0.695427,6902460165613556736,0.697509,0.695336,0.696828,0.696516,0.699356
0.699054,6902460166910637056,0.70095,0.699147,0.700329,0.700375,0.703977
0.695297,6902460168315090944,0.697784,0.696413,0.698409,0.69746,0.701667
0.694261,6902460169483322368,0.695995,0.695336,0.696151,0.696173,0.698036
0.689727,6902460170771812352,0.690352,0.690199,0.691295,0.690857,0.693085
0.697629,6902460172086072320,0.698335,0.696827,0.697957,0.697888,0.700016
0.696852,6902460173353088000,0.699023,0.697573,0.698522,0.698746,0.701006
0.698147,6902460174641577984,0.700124,0.698733,0.699651,0.700118,0.701997
0.69724,6902460175930067968,0.699436,0.698319,0.699538,0.699346,0.700676
0.702552,6902460177222853632,0.702326,0.70271,0.704168,0.703977,0.706287
0.698795,6902460178562883584,0.699849,0.698898,0.700667,0.699775,0.702327
0.689856,6902460179795538944,0.691315,0.691773,0.69378,0.6924,0.694736
0.691152,6902460181109798912,0.692279,0.69169,0.692537,0.692057,0.694076
0.696334,6902460182368224256,0.697371,0.696827,0.697619,0.697974,0.698696
0.69737,6902460183656714240,0.697096,0.69633,0.696941,0.697374,0.697376
0.691022,6902460184945204224,0.691178,0.69169,0.693102,0.692143,0.695396
0.692706,6902460186233695232,0.693242,0.69169,0.692989,0.692915,0.694406
0.692059,6902460187526479872,0.692279,0.692104,0.69378,0.693601,0.697046
0.690763,6902460188814969856,0.692692,0.691276,0.692763,0.692572,0.695726
0.695556,6902460190103460864,0.695169,0.695667,0.697054,0.697374,0.700016
0.702163,6902460191391950848,0.702739,0.70213,0.703264,0.70372,0.705297
0.692577,6902460192676146176,0.693518,0.69285,0.694796,0.694458,0.697046
0.684027,6902460193968930816,0.684984,0.685393,0.68723,0.68674,0.689785
0.693743,6902460195437809664,0.694206,0.693844,0.695812,0.69583,0.697706
0.687524,6902460196541616128,0.688288,0.687464,0.689602,0.689999,0.691435
0.696852,6902460197834401792,0.696821,0.696247,0.697957,0.698317,0.700676
0.699702,6902460199118597120,0.700124,0.69865,0.700103,0.700976,0.702657
0.699443,6902460200407087104,0.700537,0.699313,0.700554,0.701147,0.701997
0.69167,6902460201699871744,0.691591,0.691027,0.693328,0.693172,0.695066
0.695815,6902460202988362752,0.695995,0.69517,0.697393,0.697545,0.699026
0.697629,6902460204276852736,0.699161,0.69865,0.700442,0.700461,0.703317
0.698018,6902460205561048064,0.697922,0.696993,0.698974,0.699346,0.701006
0.699572,6902460206849538048,0.699711,0.698484,0.700216,0.700633,0.701337
0.694649,6902460208138028032,0.69572,0.694259,0.696151,0.696173,0.697706
0.704625,6902460209563957248,0.704391,0.703456,0.704168,0.705263,0.706287
0.693484,6902460210719303680,0.693793,0.693016,0.695135,0.694716,0.698036
0.695168,6902460212003499008,0.695307,0.694756,0.696264,0.696345,0.698696
0.695038,6902460213291988992,0.694343,0.694341,0.696038,0.695916,0.698366
0.696204,6902460214580478976,0.696683,0.696164,0.697393,0.697888,0.699026
0.699572,6902460215868968960,0.699023,0.698733,0.699877,0.700375,0.702327
0.702681,6902460217161754624,0.703014,0.701467,0.702135,0.703034,0.703647
0.695427,6902460218445949952,0.694894,0.694341,0.69457,0.695487,0.696386
0.706309,6902460219734439936,0.706593,0.704284,0.704281,0.705606,0.705627
0.710066,6902460221022929920,0.709896,0.707764,0.707894,0.70938,0.709258
0.702681,6902460222311419904,0.703014,0.701384,0.702361,0.702862,0.702987
0.696204,6902460223672925184,0.695445,0.696081,0.697393,0.697031,0.696386
0.695556,6902460224888400896,0.695032,0.696247,0.697732,0.697288,0.699356
0.700609,6902460226176890880,0.700537,0.700224,0.701119,0.701662,0.702327
0.698925,6902460227465380864,0.699298,0.699147,0.699764,0.700204,0.701997
0.694649,6902460228753870848,0.694343,0.694839,0.695699,0.69583,0.697706
0.696204,6902460230046656512,0.695857,0.696164,0.69649,0.696945,0.697046
0.704884,6902460231330851840,0.704941,0.70387,0.704168,0.704835,0.704967
0.697759,6902460232619341824,0.698472,0.697739,0.698183,0.698832,0.699356
0.698925,6902460233912126464,0.699436,0.698898,0.698974,0.699775,0.700016
0.70022,6902460235196321792,0.700537,0.700058,0.700216,0.700804,0.701006
0.699054,6902460236489107456,0.698335,0.698567,0.699425,0.699432,0.700676
0.699961,6902460237824841728,0.700124,0.699479,0.699425,0.700118,0.701006
0.701386,6902460239066087424,0.700675,0.700141,0.700216,0.700718,0.701006
0.697629,6902460240354577408,0.696683,0.696827,0.697393,0.697631,0.696716
0.695427,6902460241690312704,0.695307,0.69517,0.695925,0.695573,0.696716
0.698665,6902460243021752320,0.697647,0.697739,0.697619,0.69806,0.698366
0.698795,6902460244220048384,0.699161,0.698733,0.699199,0.699518,0.699686
0.70009,6902460245508538368,0.699574,0.698981,0.699199,0.699604,0.699356
0.701127,6902460246797028352,0.699986,0.699976,0.700554,0.700547,0.700346
0.700868,6902460248085519360,0.701088,0.700556,0.70078,0.700976,0.701667
0.697111,6902460249369713664,0.69627,0.697573,0.697732,0.697374,0.697376
0.702163,6902460250658204672,0.702601,0.702296,0.702813,0.703034,0.703977
0.700609,6902460252024003584,0.701225,0.700473,0.700893,0.70089,0.702327
0.702422,6902460253239479296,0.701913,0.702461,0.702813,0.70312,0.703317
0.700997,6902460254527970304,0.701776,0.701136,0.701571,0.701919,0.702657
0.699443,6902460255816460288,0.69861,0.698733,0.699538,0.699604,0.700016
0.699184,6902460257104950272,0.699161,0.699396,0.69999,0.700204,0.701667
0.699702,6902460258389145600,0.700675,0.700307,0.70078,0.701233,0.702657
0.698406,6902460259681930240,0.697647,0.697739,0.698522,0.698832,0.699356
0.701775,6902460260970421248,0.7015,0.700804,0.701119,0.701747,0.701997
0.702163,6902460262254615552,0.701913,0.701053,0.701458,0.702262,0.702327
0.703459,6902460263547401216,0.703427,0.703124,0.703264,0.703806,0.704967
0.702811,6902460264835891200,0.70329,0.701964,0.702587,0.703205,0.702987
0.701904,6902460266137266176,0.702189,0.701218,0.701345,0.702348,0.702327
0.70294,6902460267412872192,0.702189,0.70155,0.701571,0.702605,0.701337
0.701645,6902460268701362176,0.702877,0.702461,0.7027,0.703205,0.702327
0.699961,6902460269985557504,0.700262,0.699893,0.700893,0.701147,0.700676
0.699702,6902460271278342144,0.699849,0.699396,0.700103,0.70029,0.699356
0.701127,6902460272566832128,0.701363,0.700804,0.701006,0.701662,0.700346
0.70294,6902460273851027456,0.704115,0.703207,0.703377,0.703977,0.702327
0.699702,6902460275186762752,0.700262,0.699479,0.700667,0.700718,0.698036
0.691411,6902460276428008448,0.691315,0.69169,0.693215,0.6924,0.693085
0.690374,6902460277720793088,0.69049,0.691027,0.692086,0.691543,0.691435
0.708252,6902460279009283072,0.708657,0.707847,0.707781,0.708436,0.706617
0.704754,6902460280302068736,0.704941,0.704036,0.704958,0.704835,0.703317
0.709677,6902460281577673728,0.709208,0.707847,0.707781,0.708522,0.705957
0.710843,6902460282870459392,0.710171,0.709587,0.708346,0.709637,0.706617
0.707475,6902460284158949376,0.705905,0.707184,0.707329,0.707579,0.704637
0.705402,6902460285447439360,0.704391,0.70445,0.704281,0.705092,0.701006
0.7032,6902460286735929344,0.702051,0.702793,0.702135,0.703205,0.699686
0.70035,6902460288020124672,0.699574,0.700556,0.700667,0.70149,0.698366
0.70035,6902460289428874240,0.698885,0.700721,0.701006,0.70089,0.699356
0.705272,6902460290601400320,0.703978,0.70445,0.705184,0.705606,0.703317
0.705531,6902460291885595648,0.704528,0.70503,0.705071,0.705778,0.701997
0.70605,6902460293178380288,0.704528,0.705361,0.705297,0.706035,0.702987
0.705013,6902460294462575616,0.701638,0.704036,0.703942,0.70432,0.700016
0.707216,6902460295755361280,0.704115,0.705693,0.705636,0.705692,0.702327
0.706179,6902460297043851264,0.704253,0.705775,0.704732,0.705778,0.701337
0.7089,6902460298332341248,0.706731,0.708013,0.707329,0.707836,0.704307
0.706697,6902460299616536576,0.703978,0.70619,0.705749,0.705692,0.702987
0.713175,6902460300917911552,0.711135,0.712155,0.710378,0.711523,0.707607
0.707086,6902460302202106880,0.705354,0.706604,0.70541,0.705864,0.703647
0.702811,6902460303555021824,0.70095,0.702627,0.701571,0.701833,0.699026
0.70605,6902460304783382528,0.702739,0.704036,0.703039,0.70312,0.699686
0.704754,6902460306071872512,0.703152,0.704533,0.703264,0.703634,0.701006
0.699831,6902460307446261760,0.69806,0.700141,0.698861,0.698918,0.697376
0.704884,6902460308644557824,0.702051,0.704201,0.703151,0.70312,0.701006
0.704106,6902460309933047808,0.702464,0.703787,0.702813,0.702862,0.701337
0.703847,6902460311221537792,0.702189,0.70387,0.703151,0.702776,0.701337
0.702681,6902460312514323456,0.701638,0.703621,0.702474,0.702176,0.700346
0.7032,6902460313798518784,0.701638,0.703041,0.702022,0.702262,0.699686
0.704236,6902460315091303424,0.702739,0.703704,0.702813,0.702776,0.701006
0.700868,6902460316375498752,0.699711,0.701716,0.700893,0.700804,0.699356
0.702163,6902460317762772992,0.7015,0.703124,0.702135,0.702005,0.700346
0.701904,6902460318952479744,0.700537,0.701798,0.701006,0.700633,0.700346
0.702293,6902460320245264384,0.700812,0.702461,0.701684,0.701576,0.700676
0.700609,6902460321533754368,0.700262,0.702047,0.701119,0.700804,0.699686
0.702293,6902460322817949696,0.701638,0.703124,0.7027,0.702262,0.702657
0.703977,6902460324157979648,0.702051,0.703373,0.702474,0.702348,0.701006
0.705402,6902460325399225344,0.704528,0.70445,0.703377,0.70372,0.701997
0.703588,6902460326683420672,0.7015,0.702958,0.701571,0.702005,0.699686
0.703718,6902460327976205312,0.703565,0.704118,0.702587,0.703034,0.700346
0.703977,6902460329260400640,0.703427,0.704036,0.703377,0.703377,0.701667
0.704236,6902460330548890624,0.703427,0.70445,0.703264,0.703205,0.701667
0.703977,6902460331880331264,0.702739,0.70445,0.703603,0.702776,0.702327
0.701904,6902460333130166272,0.700812,0.701881,0.701006,0.700547,0.699356
0.70035,6902460334418656256,0.699574,0.700224,0.698861,0.699175,0.696386
0.700868,6902460335707146240,0.699986,0.700556,0.699538,0.699861,0.697706
0.699313,6902460336995637248,0.699161,0.700473,0.699312,0.699346,0.697046
0.70022,6902460338279832576,0.699711,0.700141,0.699199,0.699175,0.697046
0.698536,6902460339572617216,0.697647,0.69923,0.698748,0.698317,0.697376
0.6975,6902460340856812544,0.697371,0.698401,0.697957,0.697803,0.696056
0.702034,6902460342145302528,0.700124,0.701384,0.700216,0.700461,0.698036
0.704106,6902460343438088192,0.703565,0.704698,0.703377,0.704063,0.701006
0.705531,6902460344726578176,0.705079,0.705195,0.704281,0.705092,0.701667
0.704495,6902460346019362816,0.704391,0.704781,0.703603,0.703977,0.701337
0.70294,6902460347299263488,0.703014,0.703456,0.702022,0.702262,0.700676
0.702293,6902460348592048128,0.702189,0.702213,0.70078,0.701404,0.698366
0.703459,6902460349876243456,0.702877,0.70329,0.702022,0.70209,0.700016
0.699961,6902460351164734464,0.699298,0.69981,0.698409,0.698918,0.696386
0.693872,6902460352457519104,0.693242,0.694921,0.69378,0.693344,0.693085
0.697759,6902460353746009088,0.697234,0.697324,0.696828,0.696602,0.696056
0.7032,6902460355068859392,0.703703,0.703787,0.702361,0.702519,0.700346
0.704365,6902460356318694400,0.70384,0.703953,0.702926,0.70312,0.699686
0.70605,6902460357607185408,0.705492,0.705941,0.703829,0.704577,0.702657
0.70294,6902460358895675392,0.702464,0.703704,0.7027,0.702519,0.701667
0.70022,6902460360188460032,0.699574,0.700721,0.699312,0.699518,0.698366
0.705661,6902460361472655360,0.706042,0.706355,0.704958,0.705178,0.705297
0.70009,6902460362761145344,0.700262,0.700224,0.699087,0.699518,0.699026
0.706956,6902460364053931008,0.707419,0.706935,0.706313,0.706121,0.705957
0.701904,6902460365338126336,0.701363,0.702047,0.701006,0.70089,0.700676
0.699313,6902460366630910976,0.698748,0.699644,0.699199,0.698918,0.698366
0.69737,6902460367915106304,0.696958,0.697324,0.697619,0.696516,0.697376
0.697629,6902460369298085888,0.697922,0.697656,0.697054,0.696945,0.696386
0.702552,6902460370496381952,0.701363,0.702627,0.702135,0.701576,0.701997
0.708511,6902460371870771200,0.707694,0.707681,0.706991,0.706978,0.706617
0.707993,6902460373073361920,0.707006,0.707184,0.706539,0.706464,0.705627
0.708252,6902460374357557248,0.708657,0.70735,0.706765,0.707064,0.705957
0.707345,6902460375650342912,0.707006,0.706853,0.705749,0.705949,0.705297
0.698925,6902460376938832896,0.69861,0.698816,0.697732,0.698317,0.698036
0.699961,6902460378227322880,0.700399,0.700224,0.699425,0.699518,0.700016
0.701645,6902460379515812864,0.701225,0.700887,0.700216,0.700461,0.700016
0.70592,6902460380804302848,0.706042,0.704947,0.703039,0.704406,0.702987
0.689597,6902460382092793856,0.6887,0.689867,0.689828,0.689056,0.689785
0.696852,6902460383445707776,0.696958,0.697241,0.69649,0.696774,0.697376
0.697888,6902460384665479168,0.697647,0.698484,0.698409,0.69806,0.699026
0.701515,6902460385958263808,0.701088,0.70097,0.700554,0.70029,0.701006
0.700479,6902460387246753792,0.701088,0.701218,0.700554,0.700547,0.701337
0.701256,6902460388530949120,0.700537,0.701218,0.701119,0.700804,0.701006
0.699831,6902460389823734784,0.699711,0.699976,0.699651,0.699261,0.700676
0.705143,6902460391107930112,0.704391,0.704118,0.703039,0.703463,0.703977
0.705013,6902460392400714752,0.705767,0.704947,0.704055,0.70432,0.704637
0.698406,6902460393684910080,0.697922,0.698816,0.699199,0.698489,0.699026
0.700609,6902460394977695744,0.700262,0.700556,0.700329,0.699861,0.701006
0.703459,6902460396261891072,0.704115,0.703704,0.703039,0.703291,0.703977
0.702552,6902460397614804992,0.702051,0.702047,0.702474,0.701662,0.701667
0.705272,6902460398838871040,0.705217,0.704698,0.704281,0.703977,0.703647
0.704365,6902460400127361024,0.704941,0.70503,0.704168,0.703891,0.703647
0.705272,6902460401420146688,0.704528,0.70503,0.704845,0.703977,0.703647
0.705402,6902460402704342016,0.705354,0.705527,0.705636,0.705092,0.704307
0.709547,6902460403997126656,0.709208,0.709421,0.708797,0.708522,0.705957
0.704754,6902460405285616640,0.704253,0.704118,0.703377,0.702948,0.700676
0.700738,6902460406578402304,0.700537,0.701218,0.69999,0.699604,0.697046
0.703459,6902460407862597632,0.703565,0.703538,0.702474,0.702776,0.701006
0.698147,6902460409151087616,0.698472,0.698733,0.697845,0.697631,0.696386
0.690504,6902460410439577600,0.689802,0.691607,0.691973,0.690599,0.690445
0.695556,6902460411818262528,0.696133,0.695999,0.695586,0.695573,0.693745
0.698406,6902460413016557568,0.698335,0.698567,0.697732,0.697888,0.695726
0.699184,6902460414300752896,0.699711,0.700224,0.699312,0.699089,0.697706
0.701386,6902460415589243904,0.70095,0.702047,0.700667,0.700804,0.698696
0.706568,6902460416877733888,0.705905,0.705444,0.703942,0.704835,0.701337
0.702552,6902460418166223872,0.702601,0.702793,0.701684,0.701747,0.699356
0.700738,6902460419450419200,0.700675,0.701384,0.700554,0.700547,0.697706
0.702163,6902460420743203840,0.701776,0.702378,0.701458,0.702005,0.698366
0.700997,6902460422031694848,0.701913,0.70097,0.700554,0.700804,0.699026
0.702163,6902460423320184832,0.703152,0.70155,0.700442,0.701147,0.698696
0.701256,6902460424604380160,0.70095,0.701301,0.700554,0.701061,0.698696
0.701256,6902460425935819776,0.701088,0.70213,0.702022,0.702176,0.701006
0.706179,6902460427185654784,0.705905,0.706107,0.705861,0.706035,0.704637
0.704625,6902460428474145792,0.704804,0.704036,0.703942,0.703977,0.703317
0.695686,6902460429758340096,0.695032,0.696496,0.696377,0.69583,0.695726
0.699961,6902460431046831104,0.699436,0.700224,0.699651,0.699861,0.699026
0.703459,6902460432335321088,0.703427,0.70271,0.7027,0.702262,0.701667
0.69724,6902460433628105728,0.697234,0.697241,0.697393,0.697288,0.697046
0.701775,6902460434946661376,0.702189,0.701964,0.701006,0.701662,0.700346
0.697888,6902460436290985984,0.697922,0.697656,0.697506,0.697288,0.696386
0.702811,6902460437497871360,0.703014,0.703787,0.70349,0.703205,0.702327
0.698795,6902460438782066688,0.69806,0.698319,0.698183,0.698146,0.695726
0.699313,6902460440074852352,0.698472,0.699396,0.699764,0.699175,0.698036
0.700997,6902460441363342336,0.701225,0.701467,0.701684,0.701576,0.700346
0.700609,6902460442651832320,0.699298,0.699396,0.699538,0.699604,0.698036
0.696722,6902460443940322304,0.696958,0.698567,0.699764,0.698317,0.700016
0.698665,6902460445224517632,0.69861,0.69865,0.698635,0.698746,0.698366
0.699702,6902460446513007616,0.698885,0.699479,0.699651,0.699947,0.698696
0.70035,6902460447801498624,0.699574,0.700224,0.700103,0.700204,0.699686
0.701775,6902460449205952512,0.70329,0.702296,0.702361,0.703034,0.702327
0.701775,6902460450378478592,0.702464,0.702296,0.702474,0.702348,0.702327
0.70022,6902460451666968576,0.700262,0.700141,0.700329,0.700204,0.700016
0.700997,6902460452955458560,0.700812,0.70039,0.700442,0.700804,0.701337
0.698925,6902460454243949568,0.699161,0.698567,0.698861,0.698918,0.698696
0.699184,6902460455532439552,0.699711,0.699561,0.698748,0.699604,0.700016
0.698018,6902460456820929536,0.698472,0.69865,0.698296,0.698575,0.699026
0.702422,6902460458109419520,0.702601,0.702213,0.702022,0.702005,0.702327
0.698277,6902460459402205184,0.699298,0.699064,0.698409,0.698746,0.699026
0.695815,6902460460686400512,0.697234,0.695501,0.695022,0.696088,0.694736
0.699702,6902460461987775488,0.69861,0.698484,0.698296,0.698918,0.697706
0.698277,6902460463319215104,0.697509,0.698236,0.697732,0.698403,0.697706
0.6975,6902460464551870464,0.697784,0.698401,0.698635,0.698575,0.698696
0.695686,6902460465840360448,0.69572,0.696413,0.695925,0.696259,0.697706
0.696593,6902460467128851456,0.697096,0.696827,0.696941,0.696774,0.698696
0.697759,6902460468417341440,0.69806,0.697821,0.697845,0.697631,0.699686
0.695686,6902460469710126080,0.696683,0.695999,0.695473,0.69583,0.698036
0.697759,6902460470998616064,0.697922,0.697739,0.697393,0.697631,0.699026
0.698665,6902460472282811392,0.699849,0.699313,0.698409,0.699003,0.699686
0.698018,6902460473575597056,0.699711,0.698484,0.696602,0.69806,0.697376
0.696981,6902460474864087040,0.69806,0.697407,0.696151,0.697117,0.697376
0.696204,6902460476148282368,0.697922,0.696579,0.696151,0.696259,0.697376
0.696074,6902460477488312320,0.696958,0.69575,0.695135,0.695659,0.696056
0.693613,6902460478729558016,0.694619,0.694259,0.69378,0.693858,0.696056
0.694131,6902460480013753344,0.695995,0.69517,0.694344,0.694801,0.697376
0.695815,6902460481310832640,0.696408,0.69517,0.695247,0.694887,0.698036
0.695168,6902460482595027968,0.697647,0.694921,0.694796,0.694544,0.698036
0.693484,6902460483879223296,0.69572,0.694259,0.694231,0.694115,0.696386
0.693095,6902460485167713280,0.694894,0.693927,0.694457,0.693344,0.696386
0.694909,6902460486456204288,0.696821,0.695336,0.695247,0.695059,0.697376
0.694131,6902460487748988928,0.697234,0.695833,0.696038,0.695144,0.698036
0.694002,6902460489046069248,0.696408,0.694839,0.69536,0.694458,0.697376
0.694261,6902460490321674240,0.697647,0.695501,0.696151,0.695059,0.698696
0.694909,6902460491670294528,0.697647,0.69633,0.697054,0.695745,0.700016
0.694131,6902460492898655232,0.697096,0.695253,0.695699,0.695144,0.699026
0.69167,6902460494187145216,0.694206,0.693182,0.694005,0.693172,0.697376
0.691022,6902460495475635200,0.693105,0.69169,0.692537,0.6918,0.697046
0.691929,6902460496764125184,0.694206,0.693016,0.694005,0.693,0.698366
0.691799,6902460498052615168,0.694068,0.692602,0.693892,0.693344,0.698036
0.694909,6902460499341106176,0.697371,0.695667,0.696264,0.696173,0.699686
0.693224,6902460500904473600,0.696133,0.694756,0.696038,0.695402,0.699356
0.696463,6902460501918086144,0.697784,0.696247,0.697167,0.696859,0.700016
0.696074,6902460503206576128,0.698335,0.696827,0.697957,0.69746,0.700346
0.696204,6902460504499361792,0.698335,0.696413,0.696828,0.697117,0.699686
0.695686,6902460505787851776,0.69627,0.695501,0.696602,0.696345,0.698036
0.692965,6902460507076341760,0.694894,0.693761,0.694683,0.694544,0.697046
0.69737,6902460508364831744,0.698472,0.697821,0.698861,0.69866,0.701667
0.695168,6902460509653321728,0.696408,0.695419,0.696602,0.696088,0.699026
0.692965,6902460510941812736,0.694206,0.693347,0.69457,0.694458,0.697046
0.6975,6902460512226008064,0.698335,0.697904,0.699199,0.69866,0.702327
0.694779,6902460513514498048,0.695995,0.69517,0.696038,0.696173,0.698366
0.694131,6902460514828758016,0.695995,0.694507,0.695586,0.69583,0.698366
0.694131,6902460516091478016,0.694206,0.69401,0.695586,0.695059,0.698036
0.694649,6902460517379968000,0.694619,0.695087,0.69649,0.695916,0.699356
0.693743,6902460518672753664,0.695445,0.694921,0.695812,0.69583,0.698696
0.690893,6902460519965538304,0.691866,0.691027,0.693102,0.692657,0.694736
0.693354,6902460521245438976,0.694206,0.693016,0.694909,0.694716,0.696716
0.696463,6902460522533928960,0.696821,0.696164,0.697393,0.697374,0.699026
0.696852,6902460523826714624,0.698472,0.696827,0.69728,0.697888,0.698696
0.696722,6902460525110909952,0.697096,0.695999,0.697054,0.697031,0.698696
0.695815,6902460526399399936,0.695445,0.694756,0.695925,0.696345,0.696386
0.696334,6902460527692184576,0.697234,0.695999,0.697506,0.69746,0.699026
0.693354,6902460529100934144,0.693931,0.693347,0.694118,0.694458,0.695726
0.691929,6902460530269165568,0.692279,0.691856,0.693441,0.693086,0.695726
0.69452,6902460531553360896,0.695582,0.69459,0.696151,0.696431,0.699026
0.69452,6902460532846145536,0.694343,0.69459,0.697054,0.695916,0.699356
0.695427,6902460534130340864,0.69627,0.694756,0.696715,0.696345,0.699356
0.693224,6902460535423125504,0.693931,0.693264,0.694344,0.694458,0.697706
0.696204,6902460536707320832,0.696683,0.695833,0.69807,0.697888,0.701337
0.696593,6902460538000106496,0.697371,0.696496,0.698635,0.698403,0.701006
0.695556,6902460539288596480,0.696821,0.696081,0.698635,0.697545,0.701337
0.696074,6902460540572791808,0.695582,0.69575,0.69807,0.697288,0.700016
0.699443,6902460541865576448,0.700124,0.699313,0.701006,0.700804,0.702987
0.699313,6902460543252851712,0.699298,0.699147,0.699764,0.70029,0.701337
0.70022,6902460544442557440,0.699711,0.700141,0.701458,0.701319,0.702987
0.699961,6902460545726752768,0.700399,0.699561,0.701119,0.701233,0.703647
0.700738,6902460547015242752,0.701088,0.700887,0.701797,0.702005,0.703977
0.698536,6902460548308027392,0.699574,0.698567,0.69999,0.700032,0.701337
0.698665,6902460549587928064,0.69806,0.697739,0.698974,0.698832,0.700346
0.699443,6902460550880713728,0.698748,0.698484,0.699199,0.699604,0.700676
0.698277,6902460552169203712,0.699298,0.698319,0.698635,0.699261,0.700016
0.695686,6902460553453399040,0.69572,0.696081,0.697506,0.696688,0.698366
0.696074,6902460554746183680,0.695995,0.695999,0.696602,0.696774,0.697046
0.694002,6902460556034673664,0.693793,0.693927,0.695135,0.695144,0.695726
0.68869,6902460557361818624,0.689939,0.689287,0.690279,0.689999,0.693085
0.688949,6902460558611654656,0.689113,0.688956,0.691182,0.690599,0.692095
0.7032,6902460559895849984,0.703427,0.701716,0.702135,0.703377,0.703647
0.703588,6902460561184339968,0.70329,0.702461,0.703829,0.703806,0.703977
0.699443,6902460562494305280,0.699436,0.699313,0.700103,0.700976,0.701337
0.697888,6902460563765615616,0.697096,0.697241,0.698296,0.698232,0.699686
0.695427,6902460565144299520,0.696133,0.69517,0.696715,0.696516,0.698036
0.696593,6902460566338300928,0.69627,0.69633,0.697619,0.697717,0.699686
0.696981,6902460567635380224,0.696408,0.696661,0.697845,0.697631,0.698036
0.70022,6902460568919575552,0.699574,0.698484,0.699764,0.699861,0.699686
0.70294,6902460570208066560,0.703152,0.701881,0.7027,0.70312,0.703977
0.70035,6902460571526621184,0.699574,0.699396,0.700103,0.700375,0.701006
0.701515,6902460572785046528,0.701776,0.700556,0.701458,0.70149,0.702327
0.699572,6902460574073536512,0.699298,0.698401,0.699087,0.699432,0.700346
0.695038,6902460575366322176,0.694756,0.694839,0.695925,0.696173,0.697046
0.696852,6902460576650517504,0.697371,0.696579,0.697732,0.697545,0.699026
0.70022,6902460577943302144,0.699849,0.699396,0.700667,0.700461,0.701006
0.699313,6902460579227497472,0.699986,0.698898,0.699538,0.699689,0.700016
0.701775,6902460580520282112,0.701225,0.69981,0.700554,0.701147,0.699686
0.703718,6902460581808773120,0.703703,0.703207,0.703151,0.703634,0.703317
0.703977,6902460583092968448,0.704115,0.703207,0.703829,0.704149,0.704307
0.70307,6902460584381458432,0.703565,0.701964,0.7027,0.703463,0.704307
0.705013,6902460585734372352,0.705905,0.703953,0.704055,0.705178,0.704967
0.703847,6902460586958438400,0.704253,0.703373,0.703829,0.704406,0.704967
0.704495,6902460588246928384,0.704253,0.703704,0.704168,0.704663,0.705957
0.700479,6902460589544008704,0.700399,0.700473,0.701345,0.702262,0.702327
0.702681,6902460590828204032,0.70329,0.702461,0.703716,0.70372,0.705297
0.699702,6902460592112399360,0.698885,0.699479,0.700329,0.700547,0.701337
0.70307,6902460593405184000,0.703014,0.702876,0.704168,0.70432,0.705957
0.70294,6902460594689379328,0.701776,0.702296,0.703039,0.703548,0.703977
0.702681,6902460595977870336,0.70329,0.703124,0.704506,0.704406,0.704967
0.701645,6902460597266360320,0.701225,0.701798,0.702587,0.702691,0.702327
0.701904,6902460598554850304,0.701088,0.701218,0.702361,0.702433,0.701337
0.701256,6902460599912059904,0.70095,0.701881,0.702813,0.702862,0.702327
0.703588,6902460601131830272,0.702464,0.703953,0.705297,0.70492,0.704307
0.701904,6902460602424615936,0.7015,0.70271,0.704168,0.703291,0.701997
0.703847,6902460603708811264,0.703014,0.704284,0.705861,0.705006,0.704307
0.701645,6902460604997301248,0.70095,0.702876,0.704619,0.703634,0.702987
0.704106,6902460606285791232,0.703427,0.704201,0.704958,0.70492,0.702657
0.704625,6902460607578576896,0.703427,0.704367,0.704845,0.705263,0.701337
0.701645,6902460608867066880,0.699849,0.701384,0.702474,0.702262,0.699686
0.702293,6902460610155556864,0.700399,0.701633,0.702474,0.702519,0.699356
0.706309,6902460611444046848,0.705217,0.705527,0.705523,0.706893,0.702657
0.706438,6902460612732536832,0.704115,0.70445,0.704506,0.705349,0.701337
0.703718,6902460614029617152,0.702051,0.702793,0.702361,0.703377,0.699686
0.707604,6902460615309517824,0.704941,0.705527,0.704845,0.705864,0.702327
0.704625,6902460616598007808,0.702051,0.703456,0.702361,0.703463,0.699356
0.705013,6902460617882203136,0.703014,0.704201,0.703829,0.704577,0.701006
0.702811,6902460619174987776,0.700262,0.701467,0.701909,0.701833,0.698696
0.704625,6902460620459183104,0.702189,0.70329,0.703151,0.703291,0.700676
0.702552,6902460621751968768,0.700399,0.701964,0.701571,0.70209,0.697706
0.705272,6902460623061934080,0.702877,0.704036,0.703377,0.703891,0.700676
0.709547,6902460624324654080,0.707143,0.707681,0.706991,0.707664,0.704967
0.707475,6902460625617438720,0.705217,0.706521,0.705071,0.706378,0.702327
0.706568,6902460626901634048,0.70384,0.705278,0.704055,0.704577,0.701667
0.707216,6902460628198714368,0.705767,0.705527,0.704055,0.705521,0.701337
0.707863,6902460629568808960,0.706042,0.70677,0.705523,0.70655,0.702987
0.709807,6902460630771399680,0.707969,0.708593,0.706878,0.707836,0.705627
0.70605,6902460632059889664,0.704253,0.705278,0.703829,0.704663,0.701667
0.704236,6902460633348380672,0.703014,0.704036,0.7027,0.70312,0.701337
0.70877,6902460634636870656,0.708107,0.708593,0.706652,0.707321,0.704637
0.706309,6902460635921065984,0.706042,0.705693,0.703942,0.704492,0.702987
0.706309,6902460637316930560,0.705354,0.70677,0.704619,0.705006,0.703317
0.706309,6902460638498045952,0.705354,0.706604,0.705297,0.705178,0.702987
0.705402,6902460639786535936,0.703565,0.70561,0.703829,0.703977,0.701997
0.7089,6902460641075026944,0.707281,0.70735,0.704732,0.706035,0.701997
0.707345,6902460642363516928,0.706455,0.706604,0.704394,0.705092,0.702657
0.706568,6902460643652006912,0.704528,0.705858,0.704394,0.703977,0.701667
0.705013,6902460645013511168,0.70384,0.704698,0.703942,0.703205,0.700346
0.704236,6902460646233282560,0.70329,0.705195,0.703716,0.703377,0.700676
0.704236,6902460647517477888,0.703427,0.70503,0.70349,0.703205,0.701337
0.705143,6902460648805967872,0.705217,0.706107,0.705184,0.704749,0.703317
0.706697,6902460650094457856,0.70618,0.707681,0.7062,0.706035,0.704637
0.705531,6902460651477437440,0.705354,0.706935,0.705861,0.705092,0.703317
0.702034,6902460652688618496,0.701363,0.70271,0.701458,0.701233,0.698696
0.699572,6902460653959928832,0.698885,0.699976,0.699312,0.697974,0.696716
0.700738,6902460655248418816,0.700675,0.701881,0.69999,0.700118,0.697046
0.697629,6902460656541203456,0.697784,0.69923,0.697393,0.69746,0.695066
0.696852,6902460657825398784,0.695307,0.697076,0.696377,0.69583,0.692425
0.696074,6902460659113888768,0.694894,0.697159,0.696151,0.695487,0.693415
0.700868,6902460660402379776,0.700537,0.700887,0.699538,0.699432,0.696056
0.70294,6902460661690869760,0.702464,0.703207,0.701458,0.700976,0.697376
0.70307,6902460662992244736,0.702601,0.703124,0.702022,0.701576,0.698036
0.701386,6902460664272144384,0.699986,0.702213,0.701458,0.700547,0.698036
0.701645,6902460665582109696,0.700812,0.701881,0.701458,0.700633,0.699026
0.703718,6902460666844830720,0.703565,0.704698,0.70349,0.70312,0.700676
0.703329,6902460668133320704,0.703152,0.703456,0.702135,0.702433,0.699356
0.703718,6902460669430401024,0.703703,0.704036,0.702474,0.702691,0.700346
0.7032,6902460670710300672,0.703014,0.703207,0.702248,0.702348,0.699026
0.705402,6902460672003086336,0.704941,0.704616,0.702926,0.703634,0.699686
0.706309,6902460673291576320,0.705492,0.706273,0.704619,0.705349,0.701006
0.706956,6902460674575771648,0.707281,0.707267,0.705636,0.706035,0.701667
0.707863,6902460675868556288,0.707281,0.706273,0.703942,0.705435,0.699686
0.703847,6902460677157046272,0.702601,0.703373,0.702361,0.702005,0.700346
0.703847,6902460678441241600,0.70384,0.703621,0.702587,0.702605,0.700016
0.703718,6902460679794156544,0.703703,0.70445,0.702926,0.70312,0.700676
0.704495,6902460681022517248,0.70384,0.704616,0.703151,0.703034,0.700676
0.70307,6902460682311007232,0.701913,0.702627,0.700554,0.701147,0.699026
0.707216,6902460683590907904,0.706318,0.706853,0.705523,0.705606,0.704307
0.708122,6902460684883692544,0.708107,0.708095,0.706313,0.706721,0.704637
0.699831,6902460686167887872,0.699849,0.701218,0.700103,0.699346,0.699026
0.701645,6902460687460673536,0.701776,0.702213,0.701345,0.70089,0.700346
0.706309,6902460688744868864,0.706455,0.706604,0.704845,0.705178,0.703977
0.704106,6902460690037653504,0.703427,0.704118,0.702474,0.702605,0.700676
0.704365,6902460691326143488,0.70384,0.704367,0.702926,0.702433,0.702327
0.700609,6902460692614634496,0.699298,0.700721,0.699312,0.699261,0.698036
0.700868,6902460693989023744,0.701776,0.70213,0.70078,0.700633,0.700016
0.701645,6902460695187319808,0.701638,0.703041,0.701458,0.70149,0.700676
0.702034,6902460696480104448,0.702051,0.703207,0.701797,0.70149,0.701337
0.708122,6902460697768594432,0.707556,0.70735,0.706087,0.706035,0.705297
0.705143,6902460699052789760,0.704804,0.70503,0.70349,0.703463,0.702327
0.702163,6902460700341279744,0.701225,0.702461,0.700667,0.70089,0.699686
0.70035,6902460701634065408,0.700262,0.701053,0.700667,0.70029,0.700346
0.701775,6902460702944030720,0.702739,0.70271,0.701571,0.701919,0.701997
0.701256,6902460704215341056,0.702189,0.702627,0.70078,0.701061,0.701006
0.699702,6902460705503831040,0.699436,0.70097,0.700103,0.700032,0.700676
0.700609,6902460706792321024,0.700537,0.700721,0.700216,0.699689,0.700346
0.700609,6902460708076516352,0.700537,0.700887,0.699425,0.699689,0.699026
0.696334,6902460709369300992,0.696821,0.697987,0.697393,0.697288,0.697706
0.699572,6902460710653496320,0.699849,0.700556,0.699312,0.699604,0.699686
0.701775,6902460711946281984,0.701088,0.701964,0.701119,0.701061,0.700676
0.696593,6902460713234771968,0.697509,0.697656,0.69728,0.697031,0.699026
0.699054,6902460714523261952,0.699023,0.699396,0.698522,0.698918,0.699356
0.69737,6902460715807457280,0.696683,0.697821,0.697732,0.697631,0.698036
0.702811,6902460717224796160,0.702051,0.703041,0.702361,0.70209,0.702657
0.699702,6902460718401617920,0.699849,0.70039,0.699312,0.700118,0.698696
0.702163,6902460719672928256,0.702326,0.702793,0.702361,0.70209,0.702657
0.705143,6902460720965712896,0.704115,0.705361,0.704732,0.70492,0.705297
0.704754,6902460722249908224,0.704253,0.704367,0.704281,0.703891,0.704967
0.697888,6902460723538398208,0.697371,0.698484,0.697957,0.697803,0.698696
0.696463,6902460724831183872,0.69627,0.697241,0.696828,0.696516,0.696716
0.697888,6902460726119673856,0.697922,0.698484,0.698183,0.698146,0.698696
0.700479,6902460727408163840,0.700124,0.700473,0.700442,0.700032,0.699686
0.702422,6902460728692359168,0.701363,0.702047,0.701571,0.701404,0.701997
0.703588,6902460729980849152,0.702877,0.703124,0.702248,0.702691,0.702327
0.701775,6902460731320879104,0.701088,0.701218,0.701232,0.70089,0.701667
0.701515,6902460732562124800,0.701363,0.702627,0.702248,0.701833,0.703317
0.708381,6902460733846320128,0.707832,0.708344,0.707781,0.707321,0.708268
0.703718,6902460735139104768,0.703703,0.703953,0.703829,0.703377,0.702657
0.701256,6902460736427595776,0.701913,0.702213,0.702135,0.702005,0.702987
0.704365,6902460737716085760,0.705079,0.704781,0.704168,0.703806,0.703317
0.70307,6902460739004575744,0.703703,0.703207,0.701797,0.702348,0.702327
0.703718,6902460740288771072,0.703427,0.703621,0.702813,0.702691,0.702987
0.700997,6902460741581555712,0.7015,0.700473,0.699538,0.699775,0.698036
0.702552,6902460742870046720,0.701776,0.701964,0.701345,0.701061,0.699356
0.697888,6902460744158536704,0.697096,0.698319,0.698183,0.697288,0.697046
0.699961,6902460745541516288,0.699574,0.698981,0.698296,0.698832,0.697376
0.698925,6902460746731222016,0.698885,0.698898,0.698861,0.698575,0.698036
0.698925,6902460748019712000,0.699298,0.69865,0.698183,0.69806,0.697706
0.69724,6902460749308201984,0.697234,0.697407,0.696715,0.696859,0.695396
0.695556,6902460750600987648,0.694756,0.695336,0.69536,0.694801,0.694076
0.696852,6902460751885182976,0.697371,0.697159,0.695925,0.696259,0.696056
0.699313,6902460753173672960,0.699161,0.699479,0.698861,0.698489,0.697376
0.696204,6902460754466457600,0.697234,0.697241,0.696038,0.696259,0.695066
0.696334,6902460755750652928,0.696408,0.696247,0.695699,0.69523,0.694076
0.698018,6902460757039143936,0.698197,0.698236,0.697619,0.697202,0.696386
0.699313,6902460758417827840,0.699436,0.69923,0.698748,0.698146,0.697706
0.698406,6902460759654778880,0.699023,0.699064,0.69807,0.697974,0.697376
0.698536,6902460760908908544,0.699574,0.69865,0.697167,0.697803,0.698366
0.70035,6902460762193103872,0.700262,0.699976,0.698635,0.698832,0.698696
0.699961,6902460763481594880,0.700124,0.700141,0.698861,0.699003,0.698696
0.696722,6902460764774379520,0.697647,0.696993,0.696828,0.696345,0.697376
0.69452,6902460766062869504,0.69572,0.695584,0.694683,0.69463,0.696716
0.693743,6902460767351359488,0.694756,0.694176,0.693554,0.693344,0.695396
0.692706,6902460768635554816,0.694343,0.693679,0.69186,0.692143,0.693415
0.697629,6902460769924045824,0.699298,0.697821,0.696941,0.696774,0.699356
0.69439,6902460771216830464,0.69572,0.694259,0.693215,0.693344,0.697046
0.692059,6902460772501025792,0.694343,0.693016,0.692199,0.691971,0.695066
0.685322,6902460773802400768,0.686911,0.687133,0.687456,0.685969,0.691105
0.691022,6902460775078005760,0.693931,0.692519,0.692199,0.6918,0.694736
0.694131,6902460776370791424,0.69806,0.695336,0.695699,0.695144,0.698036
0.692706,6902460777654986752,0.694343,0.694093,0.695135,0.693772,0.697376
0.691929,6902460778952067072,0.695307,0.694341,0.695247,0.694115,0.697706
0.688949,6902460780231966720,0.692417,0.691607,0.692425,0.691628,0.695066
0.694649,6902460781524752384,0.697234,0.695501,0.696602,0.696088,0.699356
0.694261,6902460782839012352,0.697234,0.695501,0.696038,0.696088,0.699686
0.693743,6902460784101732352,0.696546,0.69459,0.695812,0.695316,0.699026
0.692577,6902460785385927680,0.695857,0.694341,0.695699,0.695059,0.699356
0.693743,6902460786674417664,0.695307,0.69517,0.696715,0.695659,0.700346
0.69167,6902460787967203328,0.694481,0.69343,0.695135,0.694115,0.698036
0.691411,6902460789255693312,0.693242,0.692353,0.693892,0.693344,0.697046
0.691411,6902460790548477952,0.693931,0.692353,0.694796,0.693858,0.697046
0.690763,6902460791832673280,0.692279,0.691193,0.692876,0.6924,0.695396
0.70022,6902460793125458944,0.701225,0.700058,0.701006,0.70149,0.703317
0.698406,6902460794409654272,0.699849,0.69807,0.699199,0.699775,0.701997
0.694909,6902460795698144256,0.695307,0.694259,0.695812,0.695573,0.698036
0.692706,6902460797119777792,0.695032,0.69285,0.694683,0.694287,0.696056
0.693743,6902460798275124224,0.695032,0.693761,0.695247,0.695402,0.697706
0.696593,6902460799563614208,0.697647,0.696413,0.697845,0.697717,0.700016
0.694909,6902460800929414144,0.696683,0.694839,0.69649,0.696774,0.700016
0.66887,6902460802140595200,0.669982,0.671225,0.674471,0.671991,0.678563
0.686488,6902460803424790528,0.686774,0.688376,0.690618,0.689656,0.694736
0.684933,6902460804717575168,0.68581,0.685227,0.688924,0.687598,0.693415
0.698536,6902460806001770496,0.699986,0.69749,0.699538,0.700032,0.704637
0.702552,6902460807294556160,0.703703,0.701881,0.703603,0.704063,0.706947
0.698406,6902460808583046144,0.700262,0.698236,0.700103,0.700204,0.704637
0.698018,6902460809871536128,0.699574,0.697324,0.699199,0.699775,0.703977
0.69724,6902460811181501440,0.69861,0.696827,0.698861,0.698918,0.703977
0.69737,6902460812444221440,0.698472,0.697241,0.699087,0.698918,0.703647
0.6975,6902460813737007104,0.69806,0.696496,0.698183,0.698575,0.700346
0.702293,6902460815021202432,0.703427,0.700721,0.701684,0.702691,0.704307
0.699702,6902460816305396736,0.700812,0.698733,0.699764,0.70029,0.703317
0.69724,6902460817598182400,0.698748,0.69691,0.698522,0.698918,0.702657
0.698665,6902460818903852032,0.699711,0.697656,0.698861,0.699775,0.702657
0.699184,6902460820175162368,0.699298,0.698567,0.699651,0.699775,0.703647
0.696334,6902460821459357696,0.696958,0.69633,0.697845,0.697631,0.701006
0.697111,6902460822838042624,0.697647,0.696579,0.697506,0.697974,0.700676
0.698795,6902460824040633344,0.699298,0.698733,0.700216,0.700118,0.702327
0.700479,6902460825393548288,0.701363,0.700224,0.702361,0.701747,0.705297
0.699054,6902460826617613312,0.698748,0.698236,0.699764,0.699604,0.701667
0.698536,6902460827901808640,0.698335,0.69865,0.699764,0.699604,0.700676
0.696981,6902460829194594304,0.696546,0.69575,0.697167,0.697288,0.698366
0.696074,6902460830483084288,0.696683,0.69575,0.697054,0.697288,0.699356
0.699054,6902460831767279616,0.699574,0.698733,0.699764,0.699432,0.702327
0.696593,6902460833060064256,0.69627,0.696496,0.697506,0.697631,0.700346
0.696852,6902460834344259584,0.69627,0.696081,0.697506,0.697202,0.699356
0.697759,6902460835637045248,0.697371,0.697159,0.698748,0.698146,0.700016
0.699831,6902460836929829888,0.700262,0.699644,0.700442,0.700718,0.701667
0.702422,6902460838214025216,0.70329,0.70213,0.703264,0.703463,0.704967
0.696852,6902460839601299456,0.696408,0.69633,0.69728,0.697545,0.698036
0.689209,6902460840795300864,0.688976,0.689039,0.690392,0.690171,0.691105
0.69452,6902460842083790848,0.695169,0.694341,0.695699,0.695402,0.696386
0.695686,6902460843367986176,0.694756,0.694424,0.695699,0.695316,0.695726
0.696334,6902460844656476160,0.695857,0.69517,0.696377,0.696688,0.695396
0.699831,6902460845949261824,0.700262,0.699479,0.700216,0.700547,0.700016
0.694779,6902460847233457152,0.695032,0.69459,0.695812,0.695916,0.696056
0.701645,6902460848526241792,0.701225,0.70039,0.701345,0.701919,0.700676
0.70022,6902460849810437120,0.699849,0.698981,0.700216,0.700633,0.700016
0.701515,6902460851098927104,0.702739,0.701136,0.701684,0.702176,0.702327
0.704625,6902460852387417088,0.706455,0.703621,0.703377,0.704749,0.702327
0.699054,6902460853736037376,0.699023,0.697987,0.698635,0.699261,0.699356
0.70009,6902460854964398080,0.700537,0.69981,0.701345,0.701319,0.701997
0.698018,6902460856252888064,0.698197,0.69807,0.699538,0.699261,0.701006
0.695297,6902460857545672704,0.695995,0.69575,0.697167,0.696859,0.697376
0.697629,6902460858834163712,0.698748,0.69749,0.698974,0.698746,0.699686
0.700868,6902460860122653696,0.700675,0.701136,0.701797,0.701833,0.701997
0.700609,6902460861406849024,0.700399,0.700804,0.701909,0.702005,0.702987
0.6975,6902460862699633664,0.697234,0.697407,0.697619,0.697803,0.698036
0.70022,6902460863988123648,0.699986,0.700307,0.69999,0.701061,0.701006
0.694131,6902460865272318976,0.695032,0.694176,0.695247,0.695402,0.695066
0.698018,6902460866577989632,0.698748,0.698319,0.69807,0.698575,0.698366
0.699961,6902460867883659264,0.700124,0.700224,0.70078,0.700718,0.701006
0.70022,6902460869137789952,0.700124,0.699479,0.699764,0.699775,0.699026
